Max_Menge;Gerät;Bonus;Max_Bonus
5 ×;ADS-1200;zu je 50,00 €;250,00 €;
5 ×;ADS-1700W;zu je 65,00 €;325,00 €;
5 ×;ADS-4100;zu je 60,00 €;300,00 €;
5 ×;ADS-4300N;zu je 70,00 €;350,00 €;
5 ×;ADS-4500W;zu je 70,00 €;350,00 €;
5 ×;ADS-4700W D2-EDITION (EXKL. LIZENZ);zu je 120,00 €;600,00 €;
5 ×;ADS-4700W;zu je 80,00 €;400,00 €;
5 ×;ADS-4900W D2-EDITION (EXKL. LIZENZ);zu je 140,00 €;700,00 €;
5 ×;ADS-4900W;zu je 100,00 €;500,00 €;
5 ×;DCP-J1050DW BUNDLE INKL. LC-421VALDR;zu je 7,00 €;35,00 €;
5 ×;DCP-L2550DN;zu je 30,00 €;150,00 €;
5 ×;DCP-L5500DN;zu je 110,00 €;550,00 €;
5 ×;DCP-L6600DW;zu je 195,00 €;975,00 €;
5 ×;DCP-L8410CDW;zu je 80,00 €;400,00 €;
5 ×;FAX-2840;zu je 15,00 €;75,00 €;
5 ×;FAX-2845;zu je 15,00 €;75,00 €;
5 ×;FAX-2940;zu je 20,00 €;100,00 €;
5 ×;HL-J6010DW;zu je 25,00 €;125,00 €;
5 ×;HL-L5000D;zu je 10,00 €;50,00 €;
5 ×;HL-L5100DN;zu je 60,00 €;300,00 €;
5 ×;HL-L5100DNTT ABSCHLIESSBAR;zu je 90,00 €;450,00 €;
5 ×;HL-L5100DNT;zu je 75,00 €;375,00 €;
5 ×;HL-L5100DNTT;zu je 80,00 €;400,00 €;
5 ×;HL-L5200DW;zu je 95,00 €;475,00 €;
5 ×;HL-L6300DW;zu je 110,00 €;550,00 €;
5 ×;HL-L6400DW;zu je 135,00 €;675,00 €;
5 ×;HL-L6400DWTT ABSCHLIESSBAR;zu je 135,00 €;675,00 €;
5 ×;HL-L6400DWTT;zu je 120,00 €;600,00 €;
5 ×;HL-L8260CDW;zu je 10,00 €;50,00 €;
5 ×;HL-L8360CDW;zu je 70,00 €;350,00 €;
5 ×;HL-L9310CDW;zu je 70,00 €;350,00 €;
5 ×;HL-L9310CDWT;zu je 100,00 €;500,00 €;
5 ×;HL-L9310CDWTT;zu je 145,00 €;725,00 €;
5 ×;HL-L9430CDN;zu je 80,00 €;400,00 €;
5 ×;HL-L9470CDN;zu je 120,00 €;600,00 €;
5 ×;HL-L9470CDNT;zu je 135,00 €;675,00 €;
5 ×;HL-L9470CDNTT;zu je 150,00 €;750,00 €;
5 ×;MFC-J1010DW BUNDLE INKL. LC-421VALDR;zu je 7,00 €;35,00 €;
5 ×;MFC-J4340DW;zu je 30,00 €;150,00 €;
5 ×;MFC-J4540DW;zu je 30,00 €;150,00 €;
5 ×;MFC-J4540DWXL;zu je 40,00 €;200,00 €;
5 ×;MFC-J5740DW;zu je 40,00 €;200,00 €;
5 ×;MFC-J5955DW;zu je 50,00 €;250,00 €;
5 ×;MFC-J6540DW;zu je 30,00 €;150,00 €;
5 ×;MFC-J6940DW;zu je 60,00 €;300,00 €;
5 ×;MFC-J6955DW;zu je 70,00 €;350,00 €;
5 ×;MFC-J6957DW;zu je 100,00 €;500,00 €;
5 ×;MFC-J6959DW;zu je 110,00 €;550,00 €;
5 ×;MFC-L2750DW;zu je 30,00 €;150,00 €;
5 ×;MFC-L5700DN;zu je 90,00 €;450,00 €;
5 ×;MFC-L5750DW;zu je 120,00 €;600,00 €;
5 ×;MFC-L6800DW;zu je 210,00 €;1050,00 €;
5 ×;MFC-L6800DWT;zu je 240,00 €;1200,00 €;
5 ×;MFC-L6900DW;zu je 300,00 €;1500,00 €;
5 ×;MFC-L8690CDW;zu je 30,00 €;150,00 €;
5 ×;MFC-L8900CDW;zu je 150,00 €;750,00 €;
5 ×;MFC-L9570CDW;zu je 130,00 €;650,00 €;
5 ×;MFC-L9570CDWT;zu je 130,00 €;650,00 €;
5 ×;MFC-L9630CDN;zu je 120,00 €;600,00 €;
5 ×;MFC-L9670CDN;zu je 150,00 €;750,00 €;
5 ×;MFC-L9670CDNT;zu je 165,00 €;825,00 €;
5 ×;MFC-L9670CDNTT;zu je 180,00 €;900,00 €;
12 ×;PT-D410VP;zu je 5,00 €;60,00 €;
24 ×;PT-D450VP;zu je 15,00 €;360,00 €;
12 ×;PT-D460BTVP;zu je 15,00 €;180,00 €;
12 ×;PT-D610BTVP;zu je 20,00 €;240,00 €;
12 ×;PT-D800W;zu je 30,00 €;360,00 €;
12 ×;PT-E300VP;zu je 15,00 €;180,00 €;
12 ×;PT-E500VP;zu je 20,00 €;240,00 €;
12 ×;PT-E550WNIVP;zu je 30,00 €;360,00 €;
12 ×;PT-E550WVP;zu je 30,00 €;360,00 €;
24 ×;PT-H200;zu je 10,00 €;240,00 €;
12 ×;PT-H500LI;zu je 35,00 €;420,00 €;
12 ×;PT-H500;zu je 25,00 €;300,00 €;
24 ×;PT-P300BT (P-TOUCH CUBE);zu je 5,00 €;120,00 €;
12 ×;PT-P710BTH (P-TOUCH CUBE PLUS WEISS);zu je 10,00 €;120,00 €;
12 ×;PT-P710BT (P-TOUCH CUBE PLUS SCHWARZ);zu je 10,00 €;120,00 €;
12 ×;PT-P750W;zu je 20,00 €;240,00 €;
12 ×;PT-P900WC;zu je 30,00 €;360,00 €;
12 ×;PT-P910BT (P-TOUCH CUBE PRO);zu je 15,00 €;180,00 €;
12 ×;PT-P950NW;zu je 100,00 €;1200,00 €;
12 ×;QL-1100C;zu je 40,00 €;480,00 €;
12 ×;QL-1110NWBC;zu je 60,00 €;720,00 €;
12 ×;QL-810WC;zu je 20,00 €;240,00 €;
12 ×;QL-820NWBCVM;zu je 25,00 €;300,00 €;
12 ×;QL-820NWBC;zu je 20,00 €;240,00 €;
12 ×;VC-500W;zu je 20,00 €;240,00 €;